stream	transect	compartment	time.days	mgN.per.m2	d15N	prop15N
LOL	transect.1	CBOM	1	1161.8298666666667	NA	NA
LOL	transect.1	CBOM	1	NA	30.293	0.0037735783817983482
LOL	transect.1	CBOM	3	NA	37.489	0.0037998344922286773
LOL	transect.1	CBOM	7	NA	220.02	0.004465374523350193
LOL	transect.1	CBOM	10	NA	149.095	0.004206875201571529
LOL	transect.1	CBOM	11	NA	40.824	0.0038120024676273714
LOL	transect.1	CBOM	14	NA	12.302	0.003707928400924781
LOL	transect.1	CBOM	17	NA	52.134	0.0038532655622416276
LOL	transect.1	CBOM	20	NA	42.421	0.0038178291260086584
LOL	transect.1	CBOM	30	NA	18.554	0.0037307432154676658
LOL	transect.1	CBOM	40	504.4319290571911	NA	NA
LOL	transect.1	FBOM	1	NA	8.389	0.003693648539550642
LOL	transect.1	FBOM	4	NA	32.218	0.003780602282345867
LOL	transect.1	FBOM	7	NA	137.772	0.004165594000159122
LOL	transect.1	FBOM	10	NA	149.877	0.004209726077565331
LOL	transect.1	FBOM	11	NA	184.947	0.004337561243657245
LOL	transect.1	FBOM	17	NA	14.327	0.0037153181505658484
LOL	transect.1	FBOM	20	NA	137.429	0.0041643434431640645
LOL	transect.1	FBOM	30	NA	96.802	0.004016197667434462
LOL	transect.1	FBOM	40	NA	51.547	0.0038511240516022295
LOL	transect.1	NH4	1	0.2999646618625277	NA	NA
LOL	transect.1	NH4	10	NA	5534.35	0.023459946855516996
LOL	transect.1	NH4	10	NA	5154	0.02212460774521061
LOL	transect.1	NH4	11	NA	349.05	0.004935304290013893
LOL	transect.1	NH4	11	NA	306.475	0.004780294363085688
LOL	transect.1	NO3	1	31.49999361290323	NA	NA
LOL	transect.1	NO3	1	NA	134.271	0.00415282942097196
LOL	transect.1	NO3	3	NA	145.729	0.004194603853333418
LOL	transect.1	NO3	7	NA	197.061	0.004381710879849466
LOL	transect.1	NO3	11	NA	18.342	0.003729969601635492
LOL	transect.1	NO3	14	NA	13.439	0.003712077621996792
LOL	transect.1	NO3	17	NA	10.405	0.0037010056569964176
LOL	transect.1	NO3	30	NA	7.778	0.003691418756805366
LOL	transect.1	anab	1	93.12163972682927	NA	NA
LOL	transect.1	anab	10	NA	305.23	0.004775760756470962
LOL	transect.1	anab	10	NA	15.73	0.0037204379967715273
LOL	transect.1	anab	20	97.96822785365855	NA	NA
LOL	transect.1	anab	20	NA	30.19	0.003773202554717761
LOL	transect.1	anab	20	NA	20.47	0.0037377348784361467
LOL	transect.1	anab	20	NA	15.02	0.003717847061932662
LOL	transect.1	anab	30	NA	42.96	0.003819795653434343
LOL	transect.1	anab	30	NA	80.88	0.003958126298750479
LOL	transect.1	anab	30	NA	79.65	0.003953639910742604
LOL	transect.1	anab	30	NA	16.86	0.0037245615694984505
LOL	transect.1	anab	40	111.886325	NA	NA
LOL	transect.1	anab	40	NA	29.98	0.003772436304451725
LOL	transect.1	anab	40	NA	43.69	0.0038224590269941845
LOL	transect.1	anab	40	NA	43.15	0.003820488861622262
LOL	transect.1	anab	40	NA	23.14	0.0037474777941768765
LOL	transect.1	anab	40	NA	21.87	0.00374284354715761
LOL	transect.1	arg	1	0.011038038958011214	NA	NA
LOL	transect.1	arg	3	NA	60.473	0.0038836871524632467
LOL	transect.1	arg	7	NA	204.15	0.004407545019873371
LOL	transect.1	arg	10	NA	247.186	0.00456435050697008
LOL	transect.1	arg	14	NA	346.956	0.004927681442880378
LOL	transect.1	arg	20	0.044152155832044855	NA	NA
LOL	transect.1	arg	20	NA	770.81	0.006468272036917865
LOL	transect.1	arg	30	NA	822.179	0.006654659922285358
LOL	transect.1	arg	40	0.8546738447429686	NA	NA
LOL	transect.1	arg	40	NA	403.378	0.00513303522312475
LOL	transect.1	epi	1	115.91026765616988	NA	NA
LOL	transect.1	epi	1	NA	240.338	0.0045394025155277495
LOL	transect.1	epi	3	NA	671.21	0.006106682862386601
LOL	transect.1	epi	6	NA	1586.24	0.009418754905732764
LOL	transect.1	epi	11	NA	343.321	0.004914448572732985
LOL	transect.1	epi	13	NA	433.94	0.005244233438470261
LOL	transect.1	epi	16	NA	124.171	0.004116003179928256
LOL	transect.1	epi	20	NA	146.508	0.0041974438624885375
LOL	transect.1	epi	30	NA	123.344	0.00411298768291882
LOL	transect.1	epi	40	337.13681670758564	NA	NA
LOL	transect.1	epi	40	NA	125.097	0.004119379639793361
LOL	transect.1	eudan	1	164.14469741644305	NA	NA
LOL	transect.1	eudan	14	NA	210.434	0.004430444411833539
LOL	transect.1	eudan	20	22.945276526989222	NA	NA
LOL	transect.1	eudan	20	NA	38.88	0.0038049096869180077
LOL	transect.1	eudan	30	NA	250.42	0.004576131877796585
LOL	transect.1	eudan	40	30.79672226981526	NA	NA
LOL	transect.1	eudan	40	NA	113.118	0.0040756990246441725
LOL	transect.1	euthy	1	0.024456729289847448	NA	NA
LOL	transect.1	euthy	3	NA	20.831	0.00373905219016961
LOL	transect.1	euthy	14	NA	37.43	0.0037996192240210003
LOL	transect.1	euthy	20	0	NA	NA
LOL	transect.1	euthy	20	NA	197.378	0.004382866138050638
LOL	transect.1	euthy	30	NA	422.247	0.005201692014444139
LOL	transect.1	euthy	40	231.75468411486918	NA	NA
LOL	transect.1	euthy	40	NA	257.307	0.004601220095369051
LOL	transect.1	lepto	1	0	NA	NA
LOL	transect.1	lepto	7	NA	288.925	0.004716383083461898
LOL	transect.1	lepto	10	NA	754.308	0.006408381140529141
LOL	transect.1	lepto	14	NA	648.151	0.006022931636013114
LOL	transect.1	lepto	20	0	NA	NA
LOL	transect.1	lepto	20	NA	1071.211	0.007557260162091803
LOL	transect.1	lepto	30	NA	201.729	0.00439872242369089
LOL	transect.1	lepto	40	0	NA	NA
LOL	transect.1	lepto	40	NA	843.28	0.006731202777661985
LOL	transect.1	petro	1	0	NA	NA
LOL	transect.1	petro	3	NA	96.195	0.004013983916396665
LOL	transect.1	petro	7	NA	420.76	0.005196281756435195
LOL	transect.1	petro	10	NA	934.404	0.00706161525425578
LOL	transect.1	petro	14	NA	963.882	0.0071684544111986674
LOL	transect.1	petro	20	0	NA	NA
LOL	transect.1	petro	20	NA	849.989	0.006755536878734906
LOL	transect.1	petro	30	NA	1655.908	0.009670023343544684
LOL	transect.1	petro	40	0	NA	NA
LOL	transect.1	petro	40	NA	564.845	0.005720243210159726
LOL	transect.1	phylo	1	0	NA	NA
LOL	transect.1	phylo	3	NA	34.479	0.0037888520463237796
LOL	transect.1	phylo	7	NA	92.942	0.004002119939604006
LOL	transect.1	phylo	10	NA	835.644	0.006703504919578737
LOL	transect.1	phylo	14	NA	505.042	0.005502838130786562
LOL	transect.1	phylo	20	0.1515163786431174	NA	NA
LOL	transect.1	phylo	20	NA	334.955	0.004883991611979257
LOL	transect.1	phylo	30	NA	224.869	0.004483042702173936
LOL	transect.1	phylo	40	0.012786747999958015	NA	NA
LOL	transect.1	phylo	40	NA	100.587	0.004030001477854979
LOL	transect.1	pseph	1	0.08933983030892999	NA	NA
LOL	transect.1	pseph	3	NA	362.539	0.004984405877136007
LOL	transect.1	pseph	10	NA	1123.592	0.007746902926640155
LOL	transect.1	pseph	14	NA	1429.494	0.008852959747418036
LOL	transect.1	pseph	20	2.1692331237472624	NA	NA
LOL	transect.1	pseph	20	NA	1131.452	0.0077753534061230575
LOL	transect.1	pseph	30	NA	2504.214	0.012719375962578482
LOL	transect.1	pseph	40	7.7206071729192	NA	NA
LOL	transect.1	pseph	40	NA	727.769	0.006312047700596709
LOL	transect.1	seston	1	0.5283369592448276	NA	NA
LOL	transect.1	seston	1	NA	75.079	0.0039369669715323815
LOL	transect.1	seston	3	NA	156.404	0.004233520412235038
LOL	transect.1	seston	7	NA	235.658	0.004522352059039659
LOL	transect.1	seston	10	NA	325.781	0.004850590932003703
LOL	transect.1	seston	11	NA	255.213	0.004593592128749279
LOL	transect.1	seston	13	NA	188.591	0.004350842262505115
LOL	transect.1	seston	16	NA	142.868	0.004184173334111501
LOL	transect.1	seston	20	NA	157.275	0.004236695577578248
LOL	transect.1	seston	30	NA	79.698	0.0039538149900568255
LOL	transect.1	seston	40	NA	50.508	0.0038473335187157497
LOL	transect.1	tricor	1	0.011773501707571426	NA	NA
LOL	transect.1	tricor	3	NA	455.972	0.005324380283634147
LOL	transect.1	tricor	7	NA	1307.662	0.008412744613695228
LOL	transect.1	tricor	10	NA	1475.403	0.00901874119708952
LOL	transect.1	tricor	14	NA	2498.651	0.01269944016444831
LOL	transect.1	tricor	20	2.249398720957628	NA	NA
LOL	transect.1	tricor	20	NA	977.796	0.0072188758980610565
LOL	transect.1	tricor	30	NA	700.475	0.006212954213105452
LOL	transect.1	tricor	40	8.343746786151325	NA	NA
LOL	transect.1	tricor	40	NA	367.011	0.005000683427014117
LOL	transect.2	CBOM	1	2490.3614814814814	NA	NA
LOL	transect.2	CBOM	1	NA	9.999	0.0036995240240262246
LOL	transect.2	CBOM	3	NA	7.513	0.0036904516629861976
LOL	transect.2	CBOM	7	NA	46.064	0.0038311203652846774
LOL	transect.2	CBOM	10	NA	97.64	0.004019253867687943
LOL	transect.2	CBOM	11	NA	14.875	0.0037173179256957917
LOL	transect.2	CBOM	14	NA	9.629	0.0036981737635405246
LOL	transect.2	CBOM	17	NA	24.175	0.0037512544911617127
LOL	transect.2	CBOM	20	NA	14.214	0.0037149057871775294
LOL	transect.2	CBOM	30	NA	31.593	0.003778321806013407
LOL	transect.2	CBOM	40	806.191	NA	NA
LOL	transect.2	FBOM	1	NA	7.176	0.003689221808889136
LOL	transect.2	FBOM	4	NA	23.872	0.00375014885240006
LOL	transect.2	FBOM	7	NA	40.68	0.003811477079927344
LOL	transect.2	FBOM	10	NA	111.444	0.004069594591455451
LOL	transect.2	FBOM	11	NA	108.797	0.004059941849338487
LOL	transect.2	FBOM	17	NA	93.887	0.004005566466754722
LOL	transect.2	FBOM	20	NA	120.407	0.004102278327690941
LOL	transect.2	FBOM	30	NA	93.843	0.0040054059940623325
LOL	transect.2	FBOM	40	NA	51.622	0.0038513976693179425
LOL	transect.2	NH4	1	0.2999646618625277	NA	NA
LOL	transect.2	NH4	10	NA	2421.075	0.012421351665427181
LOL	transect.2	NH4	10	NA	2213.883929	0.011677860484139874
LOL	transect.2	NH4	11	NA	296.35	0.004743423472750016
LOL	transect.2	NH4	11	NA	304.65	0.004773648700731853
LOL	transect.2	NO3	1	31.49999361290323	NA	NA
LOL	transect.2	NO3	1	NA	160.887	0.004249862637278366
LOL	transect.2	NO3	7	NA	222.338	0.004473820639642693
LOL	transect.2	NO3	10	NA	217.146	0.004454902306130772
LOL	transect.2	NO3	11	NA	25.833	0.003757304444627644
LOL	transect.2	NO3	14	NA	18.458	0.003730392899918921
LOL	transect.2	NO3	17	NA	13.66	0.003712884106865507
LOL	transect.2	NO3	30	NA	10.435	0.0037011151370903088
LOL	transect.2	anab	1	93.12163972682927	NA	NA
LOL	transect.2	anab	10	NA	177.66	0.004311001787865249
LOL	transect.2	anab	10	NA	27.08	0.003761854632625433
LOL	transect.2	anab	10	NA	42.65	0.0038186646274776296
LOL	transect.2	anab	10	NA	18.1	0.0037290865126793286
LOL	transect.2	anab	20	97.96822785365855	NA	NA
LOL	transect.2	anab	20	NA	39.69	0.0038078650244878563
LOL	transect.2	anab	20	NA	28.97	0.0037687509890856866
LOL	transect.2	anab	20	NA	18.14	0.0037292324779040474
LOL	transect.2	anab	30	NA	34.2	0.0037878340598393023
LOL	transect.2	anab	30	NA	25.62	0.003756527223114975
LOL	transect.2	anab	30	NA	26.28	0.0037589355111831628
LOL	transect.2	anab	30	NA	15.25	0.0037186863803279455
LOL	transect.2	anab	40	111.886325	NA	NA
LOL	transect.2	anab	40	NA	66.11	0.0039042504966329073
LOL	transect.2	anab	40	NA	33.37	0.0037848056289645584
LOL	transect.2	anab	40	NA	31.52	0.0037780554456968264
LOL	transect.2	arg	1	0	NA	NA
LOL	transect.2	arg	3	NA	15.906	0.0037210802545909467
LOL	transect.2	arg	7	NA	172.847	0.004293458721728073
LOL	transect.2	arg	10	NA	100.522	0.0040297644275364836
LOL	transect.2	arg	14	NA	417.365	0.005183929265574777
LOL	transect.2	arg	20	0	NA	NA
LOL	transect.2	arg	20	NA	532.477	0.005602585871839007
LOL	transect.2	arg	30	NA	512.108	0.005528530495571767
LOL	transect.2	arg	40	1.4579488282788529	NA	NA
LOL	transect.2	arg	40	NA	311.407	0.004798253593990292
LOL	transect.2	epi	1	133.45421700627776	NA	NA
LOL	transect.2	epi	1	NA	42.73	0.0038189565053897453
LOL	transect.2	epi	3	NA	178.157	0.004312813284726241
LOL	transect.2	epi	6	NA	122.144	0.0041086120804190995
LOL	transect.2	epi	10	NA	320.065	0.004829778997436659
LOL	transect.2	epi	11	NA	170.621	0.004285344890129611
LOL	transect.2	epi	13	NA	78.97	0.003951159613845542
LOL	transect.2	epi	16	NA	114.01	0.004078951774491742
LOL	transect.2	epi	20	NA	93.285	0.004003370904068173
LOL	transect.2	epi	30	NA	121.348	0.004105709576215794
LOL	transect.2	epi	40	246.7820496274545	NA	NA
LOL	transect.2	epi	40	NA	60.605	0.0038841686880590125
LOL	transect.2	eudan	1	20.53114817987684	NA	NA
LOL	transect.2	eudan	14	NA	9.271	0.0036968672918029676
LOL	transect.2	eudan	20	15.398361133361853	NA	NA
LOL	transect.2	eudan	20	NA	79.536	0.0039532240971246494
LOL	transect.2	eudan	30	NA	268.804	0.004643098973355699
LOL	transect.2	eudan	40	15.398361133361853	NA	NA
LOL	transect.2	eudan	40	NA	62.306	0.0038903738891953093
LOL	transect.2	euthy	1	0	NA	NA
LOL	transect.2	euthy	7	NA	56.396	0.0038688140396901834
LOL	transect.2	euthy	10	NA	118.087	0.004093818612891929
LOL	transect.2	euthy	14	NA	86.963	0.003980313264139138
LOL	transect.2	euthy	20	0.02647074535988495	NA	NA
LOL	transect.2	euthy	20	NA	160.201	0.004247361943424736
LOL	transect.2	euthy	30	NA	51.632	0.0038514341516686806
LOL	transect.2	euthy	40	0	NA	NA
LOL	transect.2	euthy	40	NA	12.265	0.003707793377318943
LOL	transect.2	lepto	1	0.09198400741536182	NA	NA
LOL	transect.2	lepto	7	NA	144.922	0.004191661747176812
LOL	transect.2	lepto	10	NA	278.015	0.004676648344014742
LOL	transect.2	lepto	14	NA	404.843	0.00513836611517236
LOL	transect.2	lepto	20	0	NA	NA
LOL	transect.2	lepto	20	NA	322.281	0.00483784754844794
LOL	transect.2	lepto	30	NA	492.733	0.005458078758839876
LOL	transect.2	lepto	40	0.09198400741536182	NA	NA
LOL	transect.2	lepto	40	NA	397.615	0.005112064067429487
LOL	transect.2	petro	1	0.04748892897640749	NA	NA
LOL	transect.2	petro	3	NA	62.64	0.0038915923029130117
LOL	transect.2	petro	7	NA	133.57	0.004150273549029492
LOL	transect.2	petro	10	NA	498.871	0.005480398949261883
LOL	transect.2	petro	14	NA	231.29	0.00450643777266559
LOL	transect.2	petro	20	0	NA	NA
LOL	transect.2	petro	20	NA	435.342	0.00524933394476594
LOL	transect.2	petro	30	NA	157.032	0.004235809741292916
LOL	transect.2	petro	40	0.6577431942030804	NA	NA
LOL	transect.2	petro	40	NA	205.039	0.0044107846700099105
LOL	transect.2	phylo	1	0.6125135590478147	NA	NA
LOL	transect.2	phylo	3	NA	12.206	0.0037075780693312218
LOL	transect.2	phylo	7	NA	63.392	0.003894335546840192
LOL	transect.2	phylo	10	NA	169.881	0.004282647540365169
LOL	transect.2	phylo	14	NA	155.621	0.004230666027025041
LOL	transect.2	phylo	20	0	NA	NA
LOL	transect.2	phylo	20	NA	226.35	0.0044884388594468435
LOL	transect.2	phylo	30	NA	78.685	0.003950120073972519
LOL	transect.2	phylo	40	0.3030327572862348	NA	NA
LOL	transect.2	phylo	40	NA	146.978	0.004199157338995972
LOL	transect.2	pseph	1	5.896479441660511	NA	NA
LOL	transect.2	pseph	3	NA	4.17	0.0036782515219869402
LOL	transect.2	pseph	7	NA	15.432	0.0037193505356210763
LOL	transect.2	pseph	10	NA	290.771	0.004723105989541131
LOL	transect.2	pseph	14	NA	428.638	0.00522494417496813
LOL	transect.2	pseph	20	2.46130126632028	NA	NA
LOL	transect.2	pseph	20	NA	151.96	0.004217319827448904
LOL	transect.2	pseph	30	NA	276.123	0.004669757267123271
LOL	transect.2	pseph	40	5.91090935995501	NA	NA
LOL	transect.2	pseph	40	NA	452.846	0.005313009472266102
LOL	transect.2	seston	1	0.9305935077607758	NA	NA
LOL	transect.2	seston	1	NA	52.244	0.00385366686644779
LOL	transect.2	seston	3	NA	137.468	0.004164485634934006
LOL	transect.2	seston	7	NA	204.788	0.0044098699902738615
LOL	transect.2	seston	10	NA	271.439	0.004652696706394698
LOL	transect.2	seston	11	NA	169.697	0.004281976845722665
LOL	transect.2	seston	13	NA	259.218	0.004608181332504438
LOL	transect.2	seston	16	NA	126.786	0.004125538156111905
LOL	transect.2	seston	20	NA	122.489	0.004109870070075879
LOL	transect.2	seston	30	NA	77.451	0.003945619023660473
LOL	transect.2	tricor	1	0.11951808783005463	NA	NA
LOL	transect.2	tricor	3	NA	371.053	0.005015395369651729
LOL	transect.2	tricor	7	NA	433.798	0.005243716836484691
LOL	transect.2	tricor	10	NA	1040.754	0.0074469587996123824
LOL	transect.2	tricor	14	NA	890.08	0.0069009254234165445
LOL	transect.2	tricor	20	0.007849001138380952	NA	NA
LOL	transect.2	tricor	20	NA	441.741	0.005272612980891098
LOL	transect.2	tricor	30	NA	443.581	0.005279306547990048
LOL	transect.2	tricor	40	3.468888953147308	NA	NA
LOL	transect.2	tricor	40	NA	235.832	0.0045229859967223975
LOL	transect.3	CBOM	1	213.0360247337111	NA	NA
LOL	transect.3	CBOM	1	NA	6.721	0.003687561318570017
LOL	transect.3	CBOM	3	NA	6.184	0.003685601567929514
LOL	transect.3	CBOM	7	NA	13.451	0.003712121413063911
LOL	transect.3	CBOM	10	NA	10.442	0.003701140682442088
LOL	transect.3	CBOM	11	NA	35.112	0.003791161663858766
LOL	transect.3	CBOM	14	NA	23.053	0.0037471603313865625
LOL	transect.3	CBOM	17	NA	22.302	0.0037444199257853166
LOL	transect.3	CBOM	20	NA	24.054	0.0037508129657459408
LOL	transect.3	CBOM	30	NA	5.897	0.0036845541747610824
LOL	transect.3	CBOM	40	696.4299513554237	NA	NA
LOL	transect.3	FBOM	1	NA	5.504	0.0036831199359440947
LOL	transect.3	FBOM	4	NA	10.552	0.003701542109226583
LOL	transect.3	FBOM	7	NA	31.214	0.0037769389200801844
LOL	transect.3	FBOM	10	NA	42.37	0.00381764305343829
LOL	transect.3	FBOM	11	NA	48.556	0.003840212054571645
LOL	transect.3	FBOM	17	NA	41.805	0.003815581656586484
LOL	transect.3	FBOM	20	NA	50.932	0.003848880380663588
LOL	transect.3	FBOM	30	NA	54.545	0.0038620613466743806
LOL	transect.3	FBOM	40	NA	40.729	0.003811655857748584
LOL	transect.3	NH4	1	0.2999646618625277	NA	NA
LOL	transect.3	NH4	1	NA	875.9607143	0.00684972720604759
LOL	transect.3	NH4	1	NA	808.4392857	0.006604813432255307
LOL	transect.3	NH4	3	NA	1078.5	0.0075836539600844365
LOL	transect.3	NH4	3	NA	838.9732143	0.006715581079280397
LOL	transect.3	NH4	11	NA	216.35	0.004452001820090418
LOL	transect.3	NH4	11	NA	204.925	0.004410369237987518
LOL	transect.3	NO3	1	31.49999361290323	NA	NA
LOL	transect.3	NO3	1	NA	165.763	0.004267636886484837
LOL	transect.3	NO3	7	NA	233.595	0.004514835828310823
LOL	transect.3	NO3	10	NA	226.47	0.00448887608772395
LOL	transect.3	NO3	11	NA	31.248	0.003777062978605624
LOL	transect.3	NO3	14	NA	21.686	0.003742172125116102
LOL	transect.3	NO3	17	NA	18.68	0.003731203004251522
LOL	transect.3	NO3	30	NA	10.838	0.003702585817352366
LOL	transect.3	anab	1	93.12163972682927	NA	NA
LOL	transect.3	anab	10	NA	34.86	0.0037902421965497007
LOL	transect.3	anab	10	NA	10.24	0.0037004035160499286
LOL	transect.3	anab	10	NA	10.45	0.003701169877128232
LOL	transect.3	anab	10	NA	16.46	0.0037231019016396544
LOL	transect.3	anab	20	97.96822785365855	NA	NA
LOL	transect.3	anab	20	NA	17.96	0.003728575634055991
LOL	transect.3	anab	20	NA	19.35	0.003733647905735795
LOL	transect.3	anab	30	NA	25.2	0.0037549946701001804
LOL	transect.3	anab	30	NA	29.37	0.0037702105231846193
LOL	transect.3	anab	40	111.886325	NA	NA
LOL	transect.3	anab	40	NA	37.85	0.0038011516397444462
LOL	transect.3	anab	40	NA	55.46	0.0038653993992348824
LOL	transect.3	anab	40	NA	61.97	0.00388914817657959
LOL	transect.3	anab	40	NA	27.16	0.0037621465438287846
LOL	transect.3	anab	40	NA	28.47	0.0037669265654480364
LOL	transect.3	arg	1	0	NA	NA
LOL	transect.3	arg	3	NA	8.908	0.0036955425697549043
LOL	transect.3	arg	7	NA	38.205	0.003802446892215121
LOL	transect.3	arg	10	NA	37.578	0.003800159218671018
LOL	transect.3	arg	14	NA	47.455	0.0038361952412047377
LOL	transect.3	arg	20	6.957421579275956	NA	NA
LOL	transect.3	arg	20	NA	136.794	0.004162028263760942
LOL	transect.3	arg	30	NA	40.356	0.0038102949555760706
LOL	transect.3	arg	40	0.7197866492295294	NA	NA
LOL	transect.3	arg	40	NA	159.553	0.0042449997604351855
LOL	transect.3	epi	1	135.57565543210757	NA	NA
LOL	transect.3	epi	1	NA	46.102	0.003831259003847264
LOL	transect.3	epi	3	NA	43.059	0.003820156851505271
LOL	transect.3	epi	6	NA	73.97	0.003932921757314621
LOL	transect.3	epi	10	NA	179.267	0.004316859058744618
LOL	transect.3	epi	11	NA	84.542	0.003971483094338157
LOL	transect.3	epi	13	NA	140.793	0.004176608245502298
LOL	transect.3	epi	16	NA	78.177	0.00394826713436187
LOL	transect.3	epi	20	NA	81.84	0.0039616278417972444
LOL	transect.3	epi	30	NA	84.187	0.003970188281390998
LOL	transect.3	epi	40	290.3375455261878	NA	NA
LOL	transect.3	epi	40	NA	46.781	0.0038337362495525704
LOL	transect.3	eudan	1	7.546915393627373	NA	NA
LOL	transect.3	eudan	14	NA	38.628	0.0038039902449867047
LOL	transect.3	eudan	20	341.72034009523384	NA	NA
LOL	transect.3	eudan	20	NA	39.069	0.003805599267252696
LOL	transect.3	eudan	30	NA	62.563	0.0038913114113921644
LOL	transect.3	eudan	40	15.398361133361853	NA	NA
LOL	transect.3	eudan	40	NA	16.969	0.003724959328248402
LOL	transect.3	euthy	1	31.05364923901756	NA	NA
LOL	transect.3	euthy	14	NA	11.905	0.003706479632216617
LOL	transect.3	euthy	20	4.037120128615431	NA	NA
LOL	transect.3	euthy	20	NA	39.176	0.003805989664161802
LOL	transect.3	euthy	30	NA	24.143	0.0037511377241476714
LOL	transect.3	euthy	40	0	NA	NA
LOL	transect.3	euthy	40	NA	24.501	0.003752444053557445
LOL	transect.3	lepto	1	0.6815006110687172	NA	NA
LOL	transect.3	lepto	7	NA	47.566	0.0038366002075084036
LOL	transect.3	lepto	10	NA	89.473	0.003989467880413902
LOL	transect.3	lepto	14	NA	125.537	0.00412098399714795
LOL	transect.3	lepto	20	0	NA	NA
LOL	transect.3	lepto	20	NA	145.083	0.004192248711503323
LOL	transect.3	lepto	30	NA	159.113	0.004243395802633897
LOL	transect.3	lepto	40	0.25556272918383793	NA	NA
LOL	transect.3	lepto	40	NA	83.821	0.003968853343954738
LOL	transect.3	petro	1	0.07123339346461123	NA	NA
LOL	transect.3	petro	3	NA	12.474	0.0037085560777470826
LOL	transect.3	petro	7	NA	77.751	0.00394671328598794
LOL	transect.3	petro	10	NA	43.282	0.0038209704583217047
LOL	transect.3	petro	14	NA	111.878	0.004071177229467774
LOL	transect.3	petro	20	0.07123339346461123	NA	NA
LOL	transect.3	petro	20	NA	124.526	0.004117297613792231
LOL	transect.3	petro	30	NA	177.878	0.004311796368788835
LOL	transect.3	petro	40	0	NA	NA
LOL	transect.3	petro	40	NA	86.577	0.003978905407822015
LOL	transect.3	phylo	1	0.1515163786431174	NA	NA
LOL	transect.3	phylo	3	NA	21.356	0.0037409679420137357
LOL	transect.3	phylo	10	NA	46.378	0.0038322659564596377
LOL	transect.3	phylo	14	NA	41.131	0.003813122563165471
LOL	transect.3	phylo	20	1.5505519297631494	NA	NA
LOL	transect.3	phylo	20	NA	53.425	0.003857975393962915
LOL	transect.3	phylo	30	NA	27.624	0.003763839625434768
LOL	transect.3	phylo	40	0.6941855339380385	NA	NA
LOL	transect.3	phylo	40	NA	32.311	0.003780941616331772
LOL	transect.3	pseph	1	9.866837859836828	NA	NA
LOL	transect.3	pseph	3	NA	14.949	0.0037175879677075942
LOL	transect.3	pseph	7	NA	64.991	0.0039001685378952334
LOL	transect.3	pseph	14	NA	85.136	0.003973649618895398
LOL	transect.3	pseph	20	2.645957745972897	NA	NA
LOL	transect.3	pseph	20	NA	119.415	0.004098661087917088
LOL	transect.3	pseph	30	NA	154.007	0.004224782223504317
LOL	transect.3	pseph	40	8.73362335493324	NA	NA
LOL	transect.3	pseph	40	NA	109.588	0.004062826386891598
LOL	transect.3	seston	1	0.48030632658620687	NA	NA
LOL	transect.3	seston	1	NA	150.561	0.004212219669271243
LOL	transect.3	seston	3	NA	74.4	0.003934490239225169
LOL	transect.3	seston	7	NA	87.586	0.003982585521250189
LOL	transect.3	seston	10	NA	149.173	0.004207159560779511
LOL	transect.3	seston	11	NA	123.071	0.004111992236728789
LOL	transect.3	seston	13	NA	51.043	0.003849285336653648
LOL	transect.3	seston	16	NA	85.814	0.003976122509144193
LOL	transect.3	seston	20	NA	91.707	0.003997615712080922
LOL	transect.3	seston	30	NA	67.613	0.003909733182130773
LOL	transect.3	seston	40	NA	38.496	0.003803508631869156
LOL	transect.3	tricor	1	0.45064063058232673	NA	NA
LOL	transect.3	tricor	3	NA	46.407	0.003832371759333332
LOL	transect.3	tricor	7	NA	120.834	0.004103835337125012
LOL	transect.3	tricor	10	NA	288.359	0.004714321762538335
LOL	transect.3	tricor	14	NA	278.006	0.004676615564276542
LOL	transect.3	tricor	20	5.276564845091526	NA	NA
LOL	transect.3	tricor	20	NA	200.463	0.004394108810512081
LOL	transect.3	tricor	30	NA	129.736	0.004136294411036353
LOL	transect.3	tricor	40	0.9603628682190181	NA	NA
LOL	transect.3	tricor	40	NA	140.821	0.004176710329390748
UPL	transect.1	CBOM	1	407.11077470133006	NA	NA
UPL	transect.1	CBOM	1	NA	23.615	0.003749211064464187
UPL	transect.1	CBOM	4	NA	175.298	0.004302392531594322
UPL	transect.1	CBOM	7	NA	420.188	0.005194200592423224
UPL	transect.1	CBOM	10	NA	511.431	0.005526068943823501
UPL	transect.1	CBOM	11	NA	557.094	0.005692070942409134
UPL	transect.1	CBOM	14	NA	72.473	0.003927461213152858
UPL	transect.1	CBOM	17	NA	59.84	0.0038813779639323125
UPL	transect.1	CBOM	20	NA	19.83	0.0037353994695704723
UPL	transect.1	CBOM	40	361.3935665642652	NA	NA
UPL	transect.1	FBOM	1	5656.571931697878	NA	NA
UPL	transect.1	FBOM	1	NA	16.413	0.003722930390385436
UPL	transect.1	FBOM	4	NA	63.132	0.0038933870865530277
UPL	transect.1	FBOM	7	NA	185.368	0.0043390956495027175
UPL	transect.1	FBOM	10	NA	198.619	0.0043873887476771605
UPL	transect.1	FBOM	14	NA	168.629	0.004278083882889997
UPL	transect.1	FBOM	17	NA	93.732	0.0040050011649949415
UPL	transect.1	FBOM	20	NA	158.472	0.004241059118498855
UPL	transect.1	FBOM	30	NA	151.768	0.004216619880313048
UPL	transect.1	FBOM	40	NA	65.28	0.003901222773517172
UPL	transect.1	NH4	1	0.2999646618625277	NA	NA
UPL	transect.1	NH4	7	NA	5187.2	0.022241312313105777
UPL	transect.1	NH4	7	NA	5336.075	0.02276429505126044
UPL	transect.1	NH4	10	NA	7073.064286	0.028825074733416233
UPL	transect.1	NH4	10	NA	5163.435714	0.022157778980262763
UPL	transect.1	NH4	11	NA	362.6	0.004984627913487683
UPL	transect.1	NH4	11	NA	393.225	0.005096088569861291
UPL	transect.1	NO3	1	31.49999361290323	NA	NA
UPL	transect.1	NO3	1	NA	78.076	0.003947898734129506
UPL	transect.1	NO3	4	NA	82.88	0.003965421152316096
UPL	transect.1	NO3	7	NA	88.123	0.003984544103730968
UPL	transect.1	NO3	10	NA	87.429	0.003982012898846214
UPL	transect.1	NO3	11	NA	12.052	0.00370701607855193
UPL	transect.1	NO3	14	NA	9.942	0.0036993160111628573
UPL	transect.1	NO3	17	NA	9.943	0.0036993196605120864
UPL	transect.1	NO3	30	NA	7.96	0.003692082948454047
UPL	transect.1	anab	1	50.80331304347826	NA	NA
UPL	transect.1	anab	10	NA	63.26	0.003893854021073968
UPL	transect.1	anab	10	NA	34.04	0.003787250267368325
UPL	transect.1	anab	10	NA	45.95	0.003830704449365381
UPL	transect.1	anab	20	60.25197391304348	NA	NA
UPL	transect.1	anab	20	NA	373.67	0.005024920410730633
UPL	transect.1	anab	20	NA	65.62	0.0039024630478624836
UPL	transect.1	anab	20	NA	65.88	0.003903411490866065
UPL	transect.1	anab	20	NA	38.15	0.0038022462195176194
UPL	transect.1	anab	30	NA	233.53	0.0045145990087265405
UPL	transect.1	anab	30	NA	130.98	0.00414083019939529
UPL	transect.1	anab	30	NA	114.98	0.004082488933506511
UPL	transect.1	anab	30	NA	77.2	0.003944703488999167
UPL	transect.1	anab	40	97.80660173913043	NA	NA
UPL	transect.1	anab	40	NA	77.1	0.003944338733685182
UPL	transect.1	anab	40	NA	51.37	0.0038504783131971866
UPL	transect.1	anab	40	NA	124.99	0.004118989488473479
UPL	transect.1	anab	40	NA	77.33	0.003945177670507961
UPL	transect.1	anab	40	NA	78.46	0.003949299383066349
UPL	transect.1	arg	1	1.4167517792786801	NA	NA
UPL	transect.1	arg	4	NA	9.86	0.0036990167644351283
UPL	transect.1	arg	7	NA	296.896	0.004745411839341032
UPL	transect.1	arg	10	NA	246.802	0.004562951587273188
UPL	transect.1	arg	14	NA	965.004	0.007172520499296138
UPL	transect.1	arg	20	6.667354378265112	NA	NA
UPL	transect.1	arg	20	NA	1794.791	0.010170546249297684
UPL	transect.1	arg	30	NA	666.405	0.006089232070933172
UPL	transect.1	arg	40	1.7340439969108639	NA	NA
UPL	transect.1	arg	40	NA	380.59	0.005050106113762473
UPL	transect.1	epi	1	206.2153139756531	NA	NA
UPL	transect.1	epi	1	NA	225.263	0.004484478282473746
UPL	transect.1	epi	3	NA	530.283	0.005594609697286465
UPL	transect.1	epi	6	NA	1555.686	0.009308516943884486
UPL	transect.1	epi	10	NA	1000.196	0.0073000381530965875
UPL	transect.1	epi	11	NA	802.594	0.006583605726582176
UPL	transect.1	epi	13	NA	1065.07	0.007535022234235152
UPL	transect.1	epi	16	NA	276.648	0.0046716694412593214
UPL	transect.1	epi	20	NA	136.759	0.0041619006551343605
UPL	transect.1	epi	30	NA	99.514	0.004026088309692402
UPL	transect.1	epi	40	391.8804675381536	NA	NA
UPL	transect.1	epi	40	NA	59.995	0.003881943406031613
UPL	transect.1	eudan	1	95.59398883063758	NA	NA
UPL	transect.1	eudan	14	NA	199.059	0.004388992241626699
UPL	transect.1	eudan	20	28.841915940244537	NA	NA
UPL	transect.1	eudan	20	NA	407.932	0.005149606286673629
UPL	transect.1	eudan	30	NA	222.035	0.004472716604110902
UPL	transect.1	eudan	40	110.20443980200831	NA	NA
UPL	transect.1	eudan	40	NA	128.219	0.004130763172694199
UPL	transect.1	euthy	1	0	NA	NA
UPL	transect.1	euthy	14	NA	121.99	0.004108050541981138
UPL	transect.1	euthy	20	3.01711071517527	NA	NA
UPL	transect.1	euthy	20	NA	204.078	0.004407282640086739
UPL	transect.1	euthy	30	NA	645.131	0.006011961827759625
UPL	transect.1	euthy	40	169.47258272088135	NA	NA
UPL	transect.1	euthy	40	NA	342.598	0.004911816518357815
UPL	transect.1	lepto	1	9.05271900571597	NA	NA
UPL	transect.1	lepto	4	NA	411.019	0.005160838926889284
UPL	transect.1	lepto	14	NA	1696.197	0.00981527369985653
UPL	transect.1	lepto	20	2.07014826868455	NA	NA
UPL	transect.1	lepto	20	NA	1120.399	0.0077353449057830205
UPL	transect.1	lepto	30	NA	828.866	0.006678917967725258
UPL	transect.1	lepto	40	1.6448901529751545	NA	NA
UPL	transect.1	lepto	40	NA	873.195	0.00683969777715303
UPL	transect.1	petro	1	1.1203789467444087	NA	NA
UPL	transect.1	petro	4	NA	159.23	0.004243822310099025
UPL	transect.1	petro	7	NA	508.047	0.005513764638361336
UPL	transect.1	petro	10	NA	613.754	0.005897974097782255
UPL	transect.1	petro	14	NA	474.442	0.005391559522551894
UPL	transect.1	petro	20	0.0032655094045173	NA	NA
UPL	transect.1	petro	20	NA	779.973	0.006501524299601339
UPL	transect.1	petro	30	NA	141.989	0.004180968667234235
UPL	transect.1	petro	40	0.04205689867975692	NA	NA
UPL	transect.1	petro	40	NA	155.769	0.004231205554474782
UPL	transect.1	phylo	1	0	NA	NA
UPL	transect.1	phylo	4	NA	87.973	0.00398399701442784
UPL	transect.1	phylo	7	NA	315.279	0.004812352519799341
UPL	transect.1	phylo	10	NA	551.756	0.0056726681865176
UPL	transect.1	phylo	14	NA	505.109	0.005503081752707212
UPL	transect.1	phylo	20	0	NA	NA
UPL	transect.1	phylo	20	NA	645.772	0.0060142902079656346
UPL	transect.1	phylo	30	NA	77.604	0.0039461770977478995
UPL	transect.1	phylo	40	0.43750538720981913	NA	NA
UPL	transect.1	phylo	40	NA	75.36	0.003937991948456747
UPL	transect.1	pseph	1	3.6221654160637877	NA	NA
UPL	transect.1	pseph	4	NA	9.761	0.003698655478512123
UPL	transect.1	pseph	7	NA	519.828	0.0055565993228958825
UPL	transect.1	pseph	10	NA	471.582	0.005381157700347386
UPL	transect.1	pseph	14	NA	236.783	0.00452645077979161
UPL	transect.1	pseph	20	17.937148065142715	NA	NA
UPL	transect.1	pseph	20	NA	965.002	0.007172513251396896
UPL	transect.1	pseph	30	NA	874.965	0.006846116427728874
UPL	transect.1	pseph	40	24.839102827576163	NA	NA
UPL	transect.1	pseph	40	NA	916.773	0.006997703009884446
UPL	transect.1	seston	1	0.27407385764625003	NA	NA
UPL	transect.1	seston	1	NA	154.299	0.004225846708599212
UPL	transect.1	seston	3	NA	345.803	0.004923484094671403
UPL	transect.1	seston	7	NA	602.548	0.005857258117682814
UPL	transect.1	seston	10	NA	787.37	0.006528366175587842
UPL	transect.1	seston	11	NA	522.83	0.005567513742136202
UPL	transect.1	seston	14	NA	268.194	0.004640877080878795
UPL	transect.1	seston	17	NA	214.924	0.004446805680980123
UPL	transect.1	seston	20	NA	173.159	0.004294595959795775
UPL	transect.1	seston	30	NA	82.945	0.0039656582332641905
UPL	transect.1	seston	40	NA	57.19	0.0038717106287328674
UPL	transect.1	tricor	1	0.23242536195907892	NA	NA
UPL	transect.1	tricor	4	NA	1079.435	0.007587039535695028
UPL	transect.1	tricor	10	NA	2481.827	0.012639144078848785
UPL	transect.1	tricor	14	NA	2639.826	0.013205111855256814
UPL	transect.1	tricor	20	6.781210386916819	NA	NA
UPL	transect.1	tricor	20	NA	1828.434	0.010291716739165598
UPL	transect.1	tricor	30	NA	735.791	0.006341168584244262
UPL	transect.1	tricor	40	43.07027610271043	NA	NA
UPL	transect.1	tricor	40	NA	245.552	0.004558397784986554
UPL	transect.2	CBOM	1	945.007560019278	NA	NA
UPL	transect.2	CBOM	1	NA	16.84	0.0037244885862070935
UPL	transect.2	CBOM	4	NA	25.937	0.0037576839326251424
UPL	transect.2	CBOM	7	NA	22.672	0.003745770060921706
UPL	transect.2	CBOM	10	NA	66.127	0.003904312510046536
UPL	transect.2	CBOM	11	NA	88.719	0.003986717865957238
UPL	transect.2	CBOM	14	NA	108.242	0.004057917922369986
UPL	transect.2	CBOM	17	NA	33.432	0.003785031849738517
UPL	transect.2	CBOM	20	NA	156.469	0.004233757365571769
UPL	transect.2	CBOM	20	NA	67.703	0.003910061484736351
UPL	transect.2	CBOM	40	1368.8922240539785	NA	NA
UPL	transect.2	FBOM	1	7485.128538012146	NA	NA
UPL	transect.2	FBOM	1	NA	25.867	0.0037574285080432504
UPL	transect.2	FBOM	4	NA	31.268	0.0037771359541943906
UPL	transect.2	FBOM	7	NA	184.722	0.004336741191088053
UPL	transect.2	FBOM	10	NA	100.857	0.004030986147200869
UPL	transect.2	FBOM	14	NA	173.412	0.0042955181413215264
UPL	transect.2	FBOM	17	NA	163.973	0.004261111958953115
UPL	transect.2	FBOM	20	NA	150.69	0.004212689950517784
UPL	transect.2	FBOM	30	NA	74.85	0.003936131668493057
UPL	transect.2	FBOM	40	NA	65.16	0.003900785028893172
UPL	transect.2	NH4	1	0.2999646618625277	NA	NA
UPL	transect.2	NH4	10	NA	2919.6	0.014205699455039526
UPL	transect.2	NH4	10	NA	2828.1	0.013878680960236362
UPL	transect.2	NH4	11	NA	418.325	0.0051874221954230585
UPL	transect.2	NH4	11	NA	450.3	0.0053037482162710805
UPL	transect.2	NO3	1	31.49999361290323	NA	NA
UPL	transect.2	NO3	1	NA	94.273	0.004006974247703138
UPL	transect.2	NO3	4	NA	109.683	0.004063172822009865
UPL	transect.2	NO3	7	NA	123.478	0.004113476289478121
UPL	transect.2	NO3	10	NA	120.49	0.00410258097861787
UPL	transect.2	NO3	11	NA	20.529	0.003737950173389737
UPL	transect.2	NO3	14	NA	15.128	0.0037182411768335202
UPL	transect.2	NO3	17	NA	13.76	0.0037132490317163987
UPL	transect.2	NO3	30	NA	8.721	0.003694860135809859
UPL	transect.2	anab	1	50.80331304347826	NA	NA
UPL	transect.2	anab	10	NA	45.76	0.0038300112553947712
UPL	transect.2	anab	10	NA	20.37	0.0037373699715226322
UPL	transect.2	anab	10	NA	11.32	0.0037043447890357665
UPL	transect.2	anab	20	60.25197391304348	NA	NA
UPL	transect.2	anab	20	NA	218.54	0.004459981759812752
UPL	transect.2	anab	20	NA	100.29	0.004028918339325717
UPL	transect.2	anab	20	NA	50.67	0.0038479245372912254
UPL	transect.2	anab	20	NA	45.11	0.00382763979504179
UPL	transect.2	anab	20	NA	19.09	0.003732699139420431
UPL	transect.2	anab	30	NA	277.7	0.004675501051892995
UPL	transect.2	anab	30	NA	46.68	0.00383336776459441
UPL	transect.2	anab	30	NA	38.58	0.0038038151129978397
UPL	transect.2	anab	40	97.80660173913043	NA	NA
UPL	transect.2	anab	40	NA	127.07	0.004126573683642931
UPL	transect.2	anab	40	NA	80.79	0.003957798027827631
UPL	transect.2	anab	40	NA	47.26	0.003835483813117223
UPL	transect.2	anab	40	NA	57.7	0.003873571149333604
UPL	transect.2	anab	40	NA	38.62	0.0038039610563261705
UPL	transect.2	arg	1	0.0766104699147075	NA	NA
UPL	transect.2	arg	4	NA	14.68	0.003716606327801389
UPL	transect.2	arg	7	NA	512.779	0.005530970219475249
UPL	transect.2	arg	14	NA	486.086	0.005433906513569326
UPL	transect.2	arg	20	0.153220939757844	NA	NA
UPL	transect.2	arg	20	NA	893.117	0.0069119372585589745
UPL	transect.2	arg	30	NA	589.029	0.005808133623653666
UPL	transect.2	arg	40	0.3826345485575013	NA	NA
UPL	transect.2	arg	40	NA	365.359	0.00499467040487692
UPL	transect.2	epi	1	227.30491447611388	NA	NA
UPL	transect.2	epi	1	NA	77.704	0.003946541851715468
UPL	transect.2	epi	3	NA	319.244	0.004826789668020206
UPL	transect.2	epi	6	NA	315.678	0.00481380535644449
UPL	transect.2	epi	10	NA	306.045	0.00477872854378367
UPL	transect.2	epi	11	NA	272.336	0.004655963900042909
UPL	transect.2	epi	13	NA	195.075	0.0043744731444277036
UPL	transect.2	epi	16	NA	166.265	0.004269466767008594
UPL	transect.2	epi	20	NA	164.605	0.0042634157420154695
UPL	transect.2	epi	30	NA	72.459	0.003927410145657015
UPL	transect.2	epi	40	516.0359826097899	NA	NA
UPL	transect.2	epi	40	NA	76.916	0.003943667583209452
UPL	transect.2	eudan	1	186.11312344047306	NA	NA
UPL	transect.2	eudan	14	NA	46.316	0.003832039757137042
UPL	transect.2	eudan	20	14.71191255837336	NA	NA
UPL	transect.2	eudan	20	NA	192.491	0.004365055913215714
UPL	transect.2	eudan	30	NA	22.209	0.003744080566918778
UPL	transect.2	eudan	40	14.914835682165117	NA	NA
UPL	transect.2	eudan	40	NA	108.109	0.004057432908018768
UPL	transect.2	euthy	1	0.024196027121359005	NA	NA
UPL	transect.2	euthy	14	NA	103.207	0.004039556335214568
UPL	transect.2	euthy	20	0.005790290680833334	NA	NA
UPL	transect.2	euthy	20	NA	162.462	0.004255603978705452
UPL	transect.2	euthy	30	NA	244.732	0.004555410468055716
UPL	transect.2	euthy	40	26.74820496122301	NA	NA
UPL	transect.2	euthy	40	NA	140.858	0.004176845225925524
UPL	transect.2	lepto	1	0.1847843834628267	NA	NA
UPL	transect.2	lepto	4	NA	90.564	0.003993446985854568
UPL	transect.2	lepto	7	NA	244.062	0.004552969598228957
UPL	transect.2	lepto	14	NA	550.342	0.005667528401200616
UPL	transect.2	lepto	20	0	NA	NA
UPL	transect.2	lepto	20	NA	494.224	0.00546350071540249
UPL	transect.2	lepto	30	NA	315.071	0.004811595149640637
UPL	transect.2	lepto	40	0.09239219173141335	NA	NA
UPL	transect.2	petro	1	0.0032655094045173	NA	NA
UPL	transect.2	petro	4	NA	29.73	0.0037715241002171745
UPL	transect.2	petro	7	NA	238.596	0.004533056024965813
UPL	transect.2	petro	14	NA	258.298	0.004604830042636116
UPL	transect.2	petro	20	0	NA	NA
UPL	transect.2	petro	20	NA	197.195	0.004382199222760043
UPL	transect.2	petro	30	NA	245.317	0.004557541665503922
UPL	transect.2	petro	40	0.0024545434780617677	NA	NA
UPL	transect.2	petro	40	NA	106.644	0.0040520904254465065
UPL	transect.2	phylo	1	0	NA	NA
UPL	transect.2	phylo	4	NA	74.563	0.00393508480200709
UPL	transect.2	phylo	7	NA	308.179	0.004786499328800609
UPL	transect.2	phylo	10	NA	647.25	0.006019658880814389
UPL	transect.2	phylo	14	NA	621	0.00592430000319302
UPL	transect.2	phylo	20	0	NA	NA
UPL	transect.2	phylo	20	NA	314.372	0.004809049940516686
UPL	transect.2	phylo	30	NA	254.136	0.004589668816721767
UPL	transect.2	phylo	40	0	NA	NA
UPL	transect.2	phylo	40	NA	148.109	0.004203280595529973
UPL	transect.2	pseph	1	3.87596407303122	NA	NA
UPL	transect.2	pseph	4	NA	46.33	0.003832090834412413
UPL	transect.2	pseph	7	NA	23.053	0.0037471603313865625
UPL	transect.2	pseph	14	NA	324.151	0.004844656196837686
UPL	transect.2	pseph	20	16.095590630253007	NA	NA
UPL	transect.2	pseph	20	NA	418.622	0.005188502815626823
UPL	transect.2	pseph	30	NA	195.629	0.00437649214062174
UPL	transect.2	pseph	40	6.082895998374448	NA	NA
UPL	transect.2	pseph	40	NA	132.462	0.004146233713268338
UPL	transect.2	seston	1	0.22033388555874997	NA	NA
UPL	transect.2	seston	1	NA	129.187	0.004134292671360984
UPL	transect.2	seston	3	NA	268.435	0.0046417549117148665
UPL	transect.2	seston	7	NA	472.089	0.005383001675604049
UPL	transect.2	seston	10	NA	655.439	0.006049403474113491
UPL	transect.2	seston	11	NA	499.051	0.005481053485179991
UPL	transect.2	seston	14	NA	300.695	0.004759246426495094
UPL	transect.2	seston	17	NA	209.637	0.004427540139260421
UPL	transect.2	seston	20	NA	170.087	0.004283398425686373
UPL	transect.2	seston	30	NA	104.338	0.0040436809135535445
UPL	transect.2	seston	40	NA	67.167	0.003908106257136303
UPL	transect.2	tricor	1	0.4270477686405404	NA	NA
UPL	transect.2	tricor	4	NA	155.781	0.004231249299918056
UPL	transect.2	tricor	7	NA	808.98	0.0066067751913315865
UPL	transect.2	tricor	14	NA	1253.57	0.008217168806284925
UPL	transect.2	tricor	20	3.0442645364787864	NA	NA
UPL	transect.2	tricor	20	NA	1432.081	0.008862303107402695
UPL	transect.2	tricor	30	NA	503.975	0.005498958344710102
UPL	transect.2	tricor	40	2.552204149856826	NA	NA
UPL	transect.2	tricor	40	NA	160.274	0.004247628052843075
UPL	transect.3	CBOM	1	202.718879970012	NA	NA
UPL	transect.3	CBOM	1	NA	5.825	0.0036842914137600567
UPL	transect.3	CBOM	4	NA	17.302	0.003726174497508007
UPL	transect.3	CBOM	7	NA	36.825	0.0037974118073706297
UPL	transect.3	CBOM	10	NA	33.747	0.0037861811956321004
UPL	transect.3	CBOM	11	NA	63.815	0.003895878614909291
UPL	transect.3	CBOM	14	NA	23.849	0.0037500649259252007
UPL	transect.3	CBOM	17	NA	29.867	0.003772023988344601
UPL	transect.3	CBOM	20	NA	16.869	0.003724594411976072
UPL	transect.3	CBOM	40	3245.9872991425495	NA	NA
UPL	transect.3	FBOM	1	2659.466904313444	NA	NA
UPL	transect.3	FBOM	1	NA	15.114	0.0037181900878824814
UPL	transect.3	FBOM	4	NA	18.065	0.003728958793072614
UPL	transect.3	FBOM	7	NA	42.223	0.0038171067262288906
UPL	transect.3	FBOM	10	NA	41.765	0.0038154357166629836
UPL	transect.3	FBOM	14	NA	76.957	0.003943817133122032
UPL	transect.3	FBOM	17	NA	29.001	0.00376886410313123
UPL	transect.3	FBOM	20	NA	34.016	0.0037871626984386643
UPL	transect.3	FBOM	30	NA	53.404	0.003857898782029438
UPL	transect.3	FBOM	40	NA	52.072	0.003853039372455673
UPL	transect.3	NH4	1	0.2999646618625277	NA	NA
UPL	transect.3	NH4	1	NA	875.9607143	0.00684972720604759
UPL	transect.3	NH4	1	NA	808.4392857	0.006604813432255307
UPL	transect.3	NH4	3	NA	1078.5	0.0075836539600844365
UPL	transect.3	NH4	3	NA	838.9732143	0.006715581079280397
UPL	transect.3	NH4	11	NA	216.35	0.004452001820090418
UPL	transect.3	NH4	11	NA	204.925	0.004410369237987518
UPL	transect.3	NO3	1	31.49999361290323	NA	NA
UPL	transect.3	NO3	1	NA	107.643	0.004055733530700058
UPL	transect.3	NO3	4	NA	125.182	0.004119689572866978
UPL	transect.3	NO3	7	NA	135.32	0.00415665408928783
UPL	transect.3	NO3	10	NA	142.524	0.004182919177972141
UPL	transect.3	NO3	11	NA	26.49	0.0037597017822176507
UPL	transect.3	NO3	14	NA	20.657	0.0037384172536470968
UPL	transect.3	NO3	17	NA	17.676	0.0037275392786677375
UPL	transect.3	NO3	30	NA	12.379	0.0037082093958790544
UPL	transect.3	anab	1	50.80331304347826	NA	NA
UPL	transect.3	anab	10	NA	31.1	0.003776522958916466
UPL	transect.3	anab	10	NA	15.37	0.00371912428501627
UPL	transect.3	anab	20	60.25197391304348	NA	NA
UPL	transect.3	anab	20	NA	41.76	0.0038154174741695393
UPL	transect.3	anab	20	NA	23.89	0.003750214533979216
UPL	transect.3	anab	20	NA	12.8	0.0037097457421122965
UPL	transect.3	anab	20	NA	14.51	0.0037159859595768765
UPL	transect.3	anab	30	NA	28.87	0.0037683861048927337
UPL	transect.3	anab	30	NA	15.46	0.003719452713279887
UPL	transect.3	anab	30	NA	30.05	0.0037726917213380395
UPL	transect.3	anab	40	97.80660173913043	NA	NA
UPL	transect.3	anab	40	NA	88.51	0.003985955591357468
UPL	transect.3	anab	40	NA	26.49	0.0037597017822176507
UPL	transect.3	anab	40	NA	20.38	0.0037374064622260126
UPL	transect.3	anab	40	NA	18.54	0.0037306921277988187
UPL	transect.3	anab	40	NA	18.59	0.0037308745837349305
UPL	transect.3	arg	1	7.553114566102639	NA	NA
UPL	transect.3	arg	7	NA	42.448	0.003817927634988359
UPL	transect.3	arg	14	NA	217.856	0.004457489408815792
UPL	transect.3	arg	20	2.745306557455492	NA	NA
UPL	transect.3	arg	20	NA	261.718	0.004617287984474566
UPL	transect.3	arg	30	NA	310.041	0.004793279549114181
UPL	transect.3	arg	40	0.053892872448926744	NA	NA
UPL	transect.3	arg	40	NA	197.011	0.004381528662222795
UPL	transect.3	epi	1	343.98611585972617	NA	NA
UPL	transect.3	epi	3	NA	125.968	0.004122555533090414
UPL	transect.3	epi	6	NA	289.395	0.004718094774559757
UPL	transect.3	epi	10	NA	405.229	0.0051397706956495745
UPL	transect.3	epi	11	NA	293.809	0.004734169816013314
UPL	transect.3	epi	13	NA	267.536	0.004638480339839832
UPL	transect.3	epi	16	NA	145	0.004191946115073582
UPL	transect.3	epi	20	NA	113.618	0.004077522317534463
UPL	transect.3	epi	30	NA	87.327	0.003981640876294618
UPL	transect.3	epi	40	289.01751960277966	NA	NA
UPL	transect.3	epi	40	NA	50.832	0.003848515555165397
UPL	transect.3	eudan	1	0	NA	NA
UPL	transect.3	eudan	14	NA	138.373	0.004167785201781395
UPL	transect.3	eudan	20	14.71191255837336	NA	NA
UPL	transect.3	eudan	20	NA	38.553	0.003803716601227043
UPL	transect.3	eudan	30	NA	56.802	0.00387029516918943
UPL	transect.3	eudan	40	43.1186456494643	NA	NA
UPL	transect.3	eudan	40	NA	124.943	0.004118818113498024
UPL	transect.3	euthy	1	85.19015838729473	NA	NA
UPL	transect.3	euthy	14	NA	97.597	0.004019097046413078
UPL	transect.3	euthy	20	69.64110582085442	NA	NA
UPL	transect.3	euthy	20	NA	168.38	0.004277176249539066
UPL	transect.3	euthy	30	NA	94.647	0.004008338259644746
UPL	transect.3	euthy	40	236.73111345678817	NA	NA
UPL	transect.3	euthy	40	NA	111.166	0.004068580825293136
UPL	transect.3	lepto	1	5.304583773639583	NA	NA
UPL	transect.3	lepto	7	NA	65.24	0.003901076858685254
UPL	transect.3	lepto	10	NA	88.107	0.00398448574756727
UPL	transect.3	lepto	14	NA	129.721	0.004136239718802426
UPL	transect.3	lepto	20	13.276753826215097	NA	NA
UPL	transect.3	lepto	20	NA	240.955	0.004541650363329063
UPL	transect.3	lepto	30	NA	140.077	0.004173997807529976
UPL	transect.3	lepto	40	0	NA	NA
UPL	transect.3	lepto	40	NA	90.947	0.003994843859509911
UPL	transect.3	petro	1	6.047797686906674	NA	NA
UPL	transect.3	petro	4	NA	32.034	0.0037799309111979955
UPL	transect.3	petro	7	NA	43.983	0.003823528020869861
UPL	transect.3	petro	10	NA	61.293	0.00388667850241507
UPL	transect.3	petro	14	NA	116.788	0.004089081839124807
UPL	transect.3	petro	20	5.378689912134154	NA	NA
UPL	transect.3	petro	20	NA	274.661	0.004664432278715518
UPL	transect.3	petro	30	NA	113.759	0.0040780364849227575
UPL	transect.3	petro	40	0.02102844933987846	NA	NA
UPL	transect.3	petro	40	NA	79.853	0.003954380349922059
UPL	transect.3	phylo	1	0	NA	NA
UPL	transect.3	phylo	4	NA	10.651	0.0037019033930560503
UPL	transect.3	phylo	7	NA	13.232	0.003711322225483036
UPL	transect.3	phylo	10	NA	110.548	0.004066327193840891
UPL	transect.3	phylo	14	NA	44.726	0.003826238803927788
UPL	transect.3	phylo	20	0	NA	NA
UPL	transect.3	phylo	20	NA	36.325	0.003795587488706136
UPL	transect.3	phylo	30	NA	83.579	0.003967970678438789
UPL	transect.3	phylo	40	1.2090889704428065	NA	NA
UPL	transect.3	phylo	40	NA	28.928	0.0037685977377572033
UPL	transect.3	pseph	1	7.70530524212207	NA	NA
UPL	transect.3	pseph	4	NA	4.181	0.0036782916665244595
UPL	transect.3	pseph	7	NA	51.43	0.003850697207665573
UPL	transect.3	pseph	14	NA	94.336	0.004007204014682235
UPL	transect.3	pseph	20	35.81577945965508	NA	NA
UPL	transect.3	pseph	20	NA	49.157	0.0038424046883459655
UPL	transect.3	pseph	30	NA	127.389	0.004127736826435518
UPL	transect.3	pseph	40	13.794063128837482	NA	NA
UPL	transect.3	pseph	40	NA	34.114	0.003787520271471198
UPL	transect.3	seston	1	0.236455877185	NA	NA
UPL	transect.3	seston	1	NA	66.94	0.003907278201342677
UPL	transect.3	seston	3	NA	143.051	0.004184840514723953
UPL	transect.3	seston	7	NA	250.488	0.004576379596885983
UPL	transect.3	seston	10	NA	317.316	0.004819769588746888
UPL	transect.3	seston	11	NA	293.875	0.004734410172910462
UPL	transect.3	seston	14	NA	173.651	0.0042963892914705286
UPL	transect.3	seston	17	NA	157.843	0.00423876616817989
UPL	transect.3	seston	20	NA	113.723	0.004077905208193238
UPL	transect.3	seston	30	NA	80	0.003954916529330311
UPL	transect.3	seston	40	NA	56.875	0.0038705614801839467
UPL	transect.3	tricor	1	4.394115091578253	NA	NA
UPL	transect.3	tricor	4	NA	83.648	0.003968222347691614
UPL	transect.3	tricor	7	NA	123.728	0.00411438786759815
UPL	transect.3	tricor	10	NA	427.717	0.005221593398654382
UPL	transect.3	tricor	14	NA	644.064	0.006008086013115844
UPL	transect.3	tricor	20	8.21241388784771	NA	NA
UPL	transect.3	tricor	20	NA	430.159	0.005230477818025481
UPL	transect.3	tricor	30	NA	164.393	0.004262642955214398
UPL	transect.3	tricor	40	6.681489926824767	NA	NA
UPL	transect.3	tricor	40	NA	107.855	0.004056506638697121
